X;Y;Z
-108.536;0.1112;0.0913
-108.551;0.1167;0.0549
-108.5404;0.1208;0.0642
-108.5387;0.1282;0.086
-108.5479;0.1238;0.0423
-108.5368;0.1299;0.094
-108.546;0.1261;0.0495
-108.5414;0.1313;0.0811
-108.5458;0.1326;0.0801
-108.5439;0.1325;0.052
-108.5446;0.1397;0.1022
-108.5503;0.1362;0.044
-108.5414;0.1413;0.0893
-108.553;0.1429;0.0689
-108.5477;0.1415;0.0607
-108.5479;0.1443;0.0957
-108.554;0.1436;0.0493
-108.5466;0.1458;0.0983
-108.5521;0.1425;0.0587
-108.5493;0.1442;0.0809
-108.5494;0.1436;0.0858
-108.5486;0.1414;0.0635
-108.5505;0.1467;0.1017
-108.5526;0.1459;0.0638
-108.5489;0.1468;0.0934
-108.5575;0.146;0.0787
-108.5496;0.1481;0.077
-108.5508;0.1498;0.0929
-108.5527;0.1508;0.0705
-108.547;0.1527;0.0922
-108.5522;0.152;0.0781
-108.5513;0.1548;0.0872
-108.5517;0.1544;0.0889
-108.5513;0.1519;0.0725
-108.5537;0.1509;0.095
-108.5547;0.1515;0.0705
-108.5504;0.1491;0.0876
-108.5546;0.1514;0.0864
-108.5515;0.1512;0.0815
-108.5518;0.151;0.0977
-108.5533;0.1479;0.0753
-108.5483;0.1504;0.0947
-108.5508;0.1502;0.0822
-108.5521;0.1457;0.0839
-108.551;0.1435;0.0857
-108.551;0.1445;0.0765
-108.5545;0.1449;0.0891
-108.5509;0.1441;0.0738
-108.548;0.1454;0.0838
-108.5518;0.1437;0.077
-108.5481;0.1437;0.0768
-108.5493;0.1434;0.0859
-108.5522;0.1443;0.0731
-108.5479;0.1419;0.0834
-108.5514;0.1427;0.0737
-108.5511;0.143;0.0761
-108.5492;0.1444;0.0801
-108.5497;0.1456;0.0734
-108.5514;0.1451;0.0869
-108.5535;0.1443;0.0698
-108.5525;0.1436;0.0807
-108.5543;0.1428;0.0777
-108.5527;0.1433;0.0714
-108.5528;0.1432;0.084
-108.5546;0.1439;0.0718
-108.5501;0.1431;0.08
-108.5544;0.143;0.0757
-108.554;0.1437;0.0749
-108.5531;0.1463;0.08
-108.5545;0.1462;0.0701
-108.5514;0.1475;0.0824
-108.5537;0.1461;0.0727
-108.5543;0.1466;0.078
-108.5564;0.1462;0.0792
-108.5582;0.1465;0.0744
-108.5598;0.1416;0.0833
-108.5616;0.1415;0.0739
-108.5588;0.1427;0.08
-108.5627;0.1391;0.0778
-108.5628;0.1373;0.0743
-108.5629;0.137;0.0794
-108.5653;0.1412;0.0748
-108.5656;0.1415;0.0762
-108.5663;0.1438;0.0741
-108.563;0.1401;0.0744
-108.5312;0.1281;0.2741
-108.7432;0.0645;0.4059
-108.9313;-0.6323;0.8581
-107.3376;-2.0468;3.2626
-103.7488;-4.1319;4.9255
-99.1036;-8.1829;4.2435
-96.4648;-12.7046;1.0022
-96.785;-16.183;-4.5469
-98.3939;-19.5878;-10.7343
-100.1361;-21.7654;-17.1846
-100.6953;-22.6202;-23.2702
-99.1755;-22.2464;-28.0896
-97.1513;-20.9184;-30.2064
-96.4771;-18.6024;-29.3378
-96.7414;-15.8194;-26.6347
-98.3404;-14.156;-23.4524
-98.8531;-13.2586;-21.6418
-99.293;-12.6117;-20.5387
-98.9396;-12.2195;-19.8486
-98.1053;-11.6947;-19.938
-97.278;-11.2223;-20.1883
-96.5152;-11.7441;-19.7058
-96.0181;-13.3288;-18.8371
-95.516;-16.5349;-17.1678
-94.9573;-22.1652;-15.9012
-95.325;-29.7252;-13.8584
-94.3459;-38.06;-11.121
-91.9231;-45.8923;-7.6277
-89.7191;-52.5848;-4.2772
-89.1489;-57.4576;-2.2997
-90.5482;-60.6154;-1.8251
-92.5331;-62.1556;-2.5502
-95.4259;-61.0229;-4.4907
-99.0363;-56.669;-7.3396
-101.7784;-49.7029;-9.8366
-102.819;-41.4641;-11.371
-102.8059;-32.8677;-11.9429
-102.7604;-24.7816;-12.5515
-103.3934;-17.6493;-13.4572
-104.0283;-12.277;-14.4331
-104.0081;-8.7448;-15.4936
-103.8579;-6.624;-17.2546
-104.7944;-5.6743;-18.1184
-106.5981;-4.7198;-17.7182
-108.9777;-4.6202;-17.3096
-110.7681;-5.1513;-16.8305
-112.1397;-5.0844;-15.5271
-113.5431;-4.8371;-14.1762
-114.7185;-5.0427;-13.7721
-114.388;-5.2889;-14.4172
-113.8758;-5.7543;-14.7922
-114.0072;-5.7484;-15.2658
-113.9896;-5.6932;-15.1703
-114.1331;-5.6121;-14.4727
-114.0605;-5.3644;-13.6752
-113.784;-5.3669;-13.3419
-113.5992;-5.4347;-13.3837
-113.5168;-5.4594;-13.7055
-113.4623;-5.3657;-13.9213
-113.6905;-4.9469;-14.2112
-114.3168;-4.3329;-14.0806
-114.7059;-3.671;-13.9551
-114.8691;-2.9994;-14.0303
-114.7451;-2.4149;-14.3238
-114.6577;-1.8384;-13.8108
-115.3195;-1.2839;-12.6532
-115.723;-0.8101;-11.3276
-115.7929;-0.4011;-9.4963
-115.8446;0.4768;-6.8521
-116.5492;1.5527;-3.9578
-116.5837;2.6407;-1.9641
-116.3302;3.3644;-0.8585
-115.5596;3.6015;-1.2333
-115.3722;3.7035;-1.9734
-115.3904;3.3636;-2.7374
-115.4999;2.9768;-3.1403
-116.4388;2.9308;-2.9824
-117.517;2.5049;-2.4062
-118.4353;2.2758;-1.9397
-118.9252;1.9272;-1.8799
-119.3005;1.594;-2.034
-119.5981;1.2168;-2.0366
-119.8969;0.8862;-1.6202
-120.2093;0.9159;-0.9578
-119.9629;0.9269;-0.4163
-119.6089;1.1161;-0.297
-119.2286;1.3503;-0.7562
-118.8216;1.6409;-1.1956
-118.6087;2.1264;-1.1243
-117.9861;2.7085;-0.9655
-116.7775;3.3325;-0.8912
-115.638;4.0719;-0.8923
-114.7235;5.0975;-0.985
-114.1077;6.1368;-1.0619
-113.4821;7.2572;-1.1083
-112.7001;8.1858;-1.1367
-111.9849;9.0158;-1.147
-111.5905;9.6249;-0.9486
-111.7058;9.8986;-0.6902
-111.2;10.5388;-0.5645
-111.2312;10.9124;-0.238
-111.8456;11.8148;-0.0488
-111.3146;12.597;-0.6848
-110.5807;11.3003;-1.5743
-109.8841;9.7678;-2.335
-109.2504;8.3567;-3.1603
-108.8639;6.3109;-3.8617
-108.6502;4.3976;-4.3948
-109.5024;9.0739;-2.9674
-112.5245;9.3556;2.05
-115.5436;-1.1602;4.9162
-110.0001;-6.9117;6.7033
-98.8768;-7.4603;8.5057
-93.7836;-1.3062;8.8151
-95.1259;8.0173;6.845
-94.2019;2.4703;3.9998
-91.1052;-8.9191;4.2495
-88.502;-13.9586;5.3707
-84.821;-11.6636;6.3957
-84.0747;-4.4896;6.0668
-85.3259;3.2069;7.1548
-84.6368;-0.7873;7.8281
-83.7522;-11.8798;9.0099
-78.3063;-12.3542;9.1333
-76.7686;-10.0594;9.5203
-75.5995;-0.6892;9.1583
-74.3053;8.5378;8.2144
-68.2568;4.8172;5.9034
-62.3688;-6.6477;4.647
-56.5903;-11.6492;5.2369
-55.6497;-8.2675;4.7841
-59.2523;-1.8561;2.7963
-59.132;5.7953;0.7298
-57.7544;-0.9871;-1.0864
-54.9628;-9.4439;-0.5782
-51.9527;-11.7919;-0.8529
-51.7832;-9.822;-1.6741
-53.3494;-2.2913;-3.2376
-54.886;4.3812;-4.2793
-55.5853;2.917;-3.413
-56.4803;-9.0796;-2.7082
-53.0519;-13.6087;-3.9151
-54.68;-10.5025;-5.3492
-60.6154;-4.2368;-7.4545
-63.8978;3.2951;-8.3302
-67.2818;6.6726;-4.5102
-67.4004;0.9496;-3.8784
-65.8124;-10.0263;-4.5217
-65.3849;-13.0165;-6.6957
-68.4455;-10.9748;-7.586
-69.9887;-3.4026;-8.0148
-72.3126;2.7407;-9.214
-72.4775;0.9282;-12.4656
-75.0344;-5.7472;-18.2893
-82.8712;-8.9507;-18.6909
-87.3488;-8.0883;-19.6859
-90.9505;-4.1712;-19.4249
-95.1843;1.1111;-18.0631
-101.5007;5.2139;-16.5782
-111.709;2.8023;-12.7169
-116.2589;-3.9025;-13.0507
-114.8997;-5.7919;-13.8266
-114.8167;-3.4425;-13.7014
-116.7425;3.5059;-13.5802
-123.942;8.5986;-11.0342
-135.9274;0.183;-8.2992
-137.7437;-7.8427;-10.8928
-132.5284;-7.8478;-10.3563
-135.8926;2.0905;-8.9449
-145.2166;5.3483;-4.3513
-147.7424;-2.9973;-4.9143
-145.6492;-8.6753;-7.1658
-145.7883;-5.8704;-6.9929
-148.7903;1.8421;-7.2992
-151.0035;2.9252;-7.0343
-152.5609;-3.3133;-6.962
-152.4059;-8.6124;-8.3673
-156.4754;-8.3183;-10.0609
-160.4027;-1.4728;-10.7178
-162.5635;4.0386;-11.5681
-165.7826;4.943;-11.5906
-171.873;-3.869;-10.75
-172.2663;-9.8259;-12.9124
-173.7027;-8.4823;-13.8932
-176.2866;0.3173;-12.9891
-179.4348;7.1561;-12.4491
175.7275;7.7888;-8.5685
167.2057;-0.3692;-5.2648
166.2137;-7.5666;-8.4033
166.8902;-8.6356;-8.8412
166.7174;-1.616;-9.6103
165.0783;6.1207;-10.3635
158.4792;4.2762;-7.2423
154.6061;-3.6049;-6.672
157.4097;-7.454;-7.9218
157.1011;-4.8396;-8.3693
155.6566;3.7071;-7.1899
147.366;4.5643;-3.7974
139.631;-2.8376;-2.4054
144.3689;-6.6885;-4.6144
147.3166;-5.6127;-4.2895
148.706;3.8187;-4.4619
141.7662;7.5855;-4.44
134.4954;-1.2893;-1.5066
137.1987;-8.0463;-1.5053
143.0416;-8.4869;-1.1332
146.9473;-5.4359;-0.4239
148.2707;2.4856;0.3425
145.5385;8.2253;-3.213
140.2748;3.2277;-6.1805
135.6625;-4.1392;-5.6207
134.8487;-6.6368;-6.257
136.7954;-2.6091;-5.6062
136.3412;5.7893;-2.2792
132.0906;1.9795;-0.1522
135.3256;-7.1636;0.4475
142.5429;-8.7725;-0.0112
142.5776;-3.848;-0.9752
137.1066;7.5562;-0.4075
126.1441;8.2907;4.7992
124.8417;-2.3013;6.7406
137.1245;-7.0013;5.7367
146.3161;-0.6302;6.9625
143.2029;8.9337;6.7073
142.5618;7.8676;0.8401
145.1969;-1.2115;-3.7663
145.4112;-8.1174;-3.343
146.8166;-8.7385;-3.121
144.1933;-1.3428;-2.7566
136.8438;6.9644;-1.035
128.9312;2.81;1.8106
130.6673;-7.0387;2.3101
139.9726;-10.3215;3.2334
145.6158;-9.7499;3.9659
147.0667;-3.3212;3.4854
143.422;3.3787;2.7511
141.5179;3.604;4.7056
141.9554;-3.6111;4.8213
145.7556;-6.1799;3.0731
145.4518;-4.5313;2.606
145.0546;2.3169;1.3886
144.8796;7.9052;-0.2299
147.2352;6.851;-2.6187
149.6192;-1.8791;-4.814
149.8559;-8.1197;-5.3393
142.7507;-8.7097;-6.9506
140.4418;-2.5802;-8.6857
140.3042;0.9408;-9.3591
140.8725;0.7376;-10.0039
140.0893;-1.7093;-10.9015
137.6384;-6.926;-10.2547
135.3036;-8.434;-12.1932
131.0514;-3.9526;-12.3467
128.4319;2.8318;-12.101
124.9684;5.9435;-11.4883
121.7715;5.5421;-11.6122
115.5071;-1.9557;-10.8725
109.6016;-8.7378;-12.6881
109.4985;-10.1739;-12.9119
108.8143;-4.3728;-11.7751
108.0514;1.1078;-10.1309
106.4822;3.9769;-8.2233
106.9816;2.4462;-9.5695
104.8889;-5.0823;-10.6741
100.1789;-9.3996;-13.042
91.0939;-6.5429;-15.2216
85.7231;-1.7173;-14.9908
82.9674;3.0577;-12.3323
79.144;6.1755;-8.3348
75.1659;-1.8131;-5.7541
78.236;-8.4644;-6.0851
79.1854;-9.6861;-5.8852
79.4803;-5.4616;-4.0111
80.8362;-1.6351;-2.6046
78.7721;2.5106;-6.3471
76.3663;0.8455;-9.0546
72.4197;-7.4376;-10.8623
66.914;-10.532;-13.0361
61.8339;-9.4976;-15.2149
58.9455;-7.388;-15.6147
59.1119;-4.9906;-13.5701
59.3115;-2.9036;-11.1613
57.8768;-0.2118;-10.8432
54.6271;-0.5515;-12.4719
54.2576;-2.5941;-12.4602
50.2676;-3.4863;-11.1132
50.811;-5.1052;-11.7523
48.3802;-3.2384;-12.5369
44.5482;4.1777;-11.8992
35.83;5.3257;-9.6372
29.5193;0.3466;-7.5619
25.6725;-7.5732;-8.6098
26.1869;-10.0091;-9.4624
27.8014;-5.4897;-9.7441
25.845;-0.6643;-10.0877
19.1227;-0.5615;-7.7067
10.1712;-2.4889;-4.2051
9.5958;-6.4811;-5.2179
14.0113;-6.5803;-4.762
16.0983;-0.6526;-4.5201
13.318;7.1303;-1.4874
10.2522;5.0582;-2.3763
9.9355;-5.7583;-2.8438
13.7167;-10.5968;-3.2438
14.854;-6.4964;-3.7825
14.5264;4.3449;-4.883
11.7017;5.5781;-6.3178
5.4318;-4.4992;-6.1807
3.2168;-13.2;-6.1875
6.9295;-11.5361;-5.413
8.0348;-6.5236;-5.8949
6.5333;0.2627;-5.8147
3.0004;4.4424;-6.4297
-1.4931;3.7518;-4.146
-4.3283;-6.1065;-2.5147
-0.2161;-11.1159;-4.4554
0.1903;-10.8149;-4.6145
0.5195;-3.354;-4.3961
-2.3873;3.183;-3.5897
-3.8608;5.1497;-1.2501
-7.7673;-0.8258;0.0443
-6.2804;-7.2258;-1.3145
-4.5954;-7.6517;-2.6976
-6.3627;-3.2832;-3.499
-10.139;4.5323;-3.211
-11.555;6.308;-2.814
-12.6262;-0.2303;-0.3195
-9.5221;-9.545;-0.8645
-5.993;-9.464;-1.4267
-8.0892;-2.9335;-3.5397
-11.3084;4.2368;-5.5833
-13.8232;2.1829;-3.4311
-13.1657;-6.4722;-3.724
-9.0938;-9.7394;-4.2022
-9.5359;-8.5398;-5.3264
-13.4452;-1.5659;-6.2765
-16.1158;3.9087;-6.3194
-18.1904;3.1283;-5.4832
-21.1254;-4.1885;-3.9125
-21.1709;-9.7941;-5.5258
-21.9841;-8.9631;-7.3979
-26.5451;-5.0528;-8.3259
-26.9753;3.2364;-6.4268
-28.3429;5.6146;-4.7341
-34.0924;-0.2984;-0.8553
-37.3253;-5.857;-1.2791
-38.2811;-5.9318;-1.8345
-36.3314;-5.1232;-0.5268
-31.2741;-4.0907;0.4135
-29.2391;-2.4384;0.3277
-26.8626;-1.2793;-1.0744
-24.8156;-2.2835;-5.0002
-23.875;-4.5746;-6.4951
-24.1225;-5.1857;-8.0582
-28.4833;-5.2413;-9.2309
-30.3218;-5.4941;-9.977
-33.3898;-5.0865;-11.1078
-39.0159;-5.4186;-13.3736
-43.5968;-6.3655;-15.8433
-48.6677;-7.7617;-17.9917
-53.7695;-10.0294;-20.45
-59.3763;-11.8561;-23.9796
-66.1504;-12.6426;-28.5711
-72.6603;-13.337;-33.7564
-79.5823;-13.0329;-39.5885
-88.3259;-9.9518;-46.3702
-99.2742;-3.8101;-53.4331
-109.5346;2.3055;-59.9341
-116.1619;2.7212;-61.8123
-124.194;7.8926;-64.8116
-123.7601;18.3896;-64.0247
-113.2513;21.8124;-68.0639
-105.9278;11.5439;-68.0961
-96.6409;-6.7723;-68.3027
-83.7864;-27.7649;-64.2489
-65.1821;-42.1894;-52.143
-48.8991;-51.5093;-39.4289
-34.9294;-57.4343;-27.5949
-23.7967;-62.6866;-17.8677
-13.3055;-68.3252;-8.611
0.4223;-74.0342;4.1978
18.3336;-78.0703;22.0624
35.6293;-80.1005;39.4547
44.8413;-81.4305;48.4229
48.2764;-82.7407;51.5842
47.6972;-83.5737;50.6587
38.9116;-83.4696;41.5885
26.2967;-82.225;28.7218
15.4924;-80.0116;17.6127
8.4417;-77.3932;10.3891
4.1558;-74.8023;6.2071
1.5041;-72.6924;3.9076
-0.1061;-71.248;2.7573
-1.1099;-70.5062;2.0536
-1.4612;-70.7652;1.7199
-1.4829;-72.2352;1.4711
-1.7551;-74.8417;0.812
-2.8141;-78.1279;-0.5202
-4.3064;-81.479;-2.0714
-6.0837;-84.2025;-3.7236
-7.9691;-86.0158;-5.3917
-7.9935;-86.87;-5.2355
-3.9749;-86.8671;-1.124
2.3543;-86.2247;5.2481
6.6055;-85.1167;9.5095
7.555;-83.6529;10.5292
6.4319;-82.0233;9.576
6.1666;-80.4923;9.5697
7.3704;-79.364;10.9385
8.9974;-78.7222;12.5788
10.1098;-78.3563;13.6501
10.6631;-78.2088;14.1813
10.9602;-78.1496;14.5893
11.7172;-78.0432;15.4613
12.8193;-77.8239;16.7042
14.4026;-77.47;18.3652
16.8168;-77.0008;20.7273
20.0494;-76.409;23.8197
23.7257;-75.6438;27.3048
27.4202;-74.7692;30.9396
31.0463;-73.8755;34.6911
34.4555;-73.0751;38.3016
37.4229;-72.4931;41.4429
39.7564;-72.1836;43.8138
41.1855;-72.1066;45.1686
42.1315;-72.0875;45.9419
43.1025;-71.9306;46.8009
44.214;-71.5469;47.9709
44.8797;-70.9796;48.7965
44.9896;-70.2622;49.0234
44.4997;-69.4156;48.5011
43.1737;-68.4898;46.9637
41.0236;-67.5966;44.5899
38.892;-66.7611;42.4915
38.1011;-65.8453;41.9725
39.0685;-64.8086;43.1911
41.5552;-63.6783;45.702
44.9256;-62.3569;48.8107
48.3085;-60.7474;51.7091
51.1257;-58.8016;53.9135
52.8943;-56.5981;55.069
53.6115;-54.2147;55.2792
53.6901;-51.7555;55.0176
53.5846;-49.3421;54.756
53.6777;-47.0274;54.7545
54.2273;-44.6642;54.9994
55.2568;-42.0468;55.3334
56.4761;-39.0634;55.5254
57.6434;-35.6751;55.5229
58.6916;-31.8941;55.4534
59.559;-27.8401;55.5062
60.4572;-23.7114;55.7798
61.5193;-19.8628;56.2006
62.509;-17.0208;56.4385
63.0069;-15.8793;56.0783
62.4364;-16.3083;54.8801
60.7612;-17.4946;53.1652
58.4588;-18.777;51.4206
56.156;-19.914;49.9168
54.3108;-20.5728;48.52
53.5948;-20.7645;47.4328
54.7903;-21.0764;47.3998
57.2988;-21.6574;48.127
59.8627;-22.3086;49.0281
61.5758;-22.6784;49.3317
61.4981;-23.1806;48.4564
59.2749;-24.4536;46.3033
55.532;-26.3858;43.4641
51.3377;-28.9944;40.7277
47.2196;-31.6819;38.3383
42.1244;-33.8916;35.5731
36.3706;-35.1843;32.5356
30.7978;-35.8388;29.7702
25.6452;-36.5298;27.3816
20.2744;-37.1608;24.7474
14.813;-36.818;21.6432
10.0954;-34.1759;18.5042
6.2883;-29.9607;15.5969
4.118;-24.7116;13.2545
3.7326;-19.2932;11.2429
3.6246;-15.1816;9.5797
3.1846;-11.6443;8.1276
3.3517;-8.6649;6.8646
4.6259;-6.0267;5.7035
6.6214;-3.5501;4.4789
8.6798;-1.9861;3.092
10.2695;-1.128;1.614
11.9562;-0.5926;0.1233
13.5673;-0.3725;-1.2622
15.0029;-0.4318;-2.453
16.1505;-0.5173;-3.4729
16.9451;-0.3221;-4.2513
16.9398;0.1762;-4.6852
16.4034;0.5792;-4.832
15.4671;0.2341;-4.6135
14.6419;-1.2133;-4.3568
14.799;-2.7551;-4.2509
15.4345;-4.0742;-4.1356
16.095;-4.6499;-3.9364
16.5413;-4.6112;-3.651
17.1717;-4.3033;-3.4113
18.3163;-3.9688;-3.0753
19.7686;-3.6333;-2.5865
21.4059;-3.5673;-2.0098
22.9911;-3.7264;-1.3966
23.9421;-3.9987;-0.7508
24.723;-4.0363;-0.0898
25.2935;-3.7943;0.6006
25.5283;-3.2741;1.4442
25.812;-2.6923;2.2278
26.0054;-2.3146;2.8053
26.5236;-2.0516;3.201
27.4133;-2.089;3.4531
28.673;-2.3432;3.5859
30.2951;-2.3096;3.4696
31.9919;-1.9624;3.0649
33.1408;-1.4793;2.4861
33.7171;-0.7798;1.9693
33.6843;0.2775;1.6459
33.5637;1.2276;1.5003
33.5652;2.157;1.4388
33.3861;3.0678;1.3764
33.377;2.7635;1.2684
33.5225;1.6584;1.1689
33.6963;0.2252;1.1078
33.8738;-1.3116;1.0938
34.0901;-2.8783;1.1399
34.3799;-4.539;1.2075
34.6882;-6.2078;1.2968
34.9467;-7.6779;1.4406
35.1468;-8.6825;1.6078
35.3834;-9.3595;1.7237
35.7987;-9.971;1.8587
36.461;-10.804;1.9784
37.3979;-12.1233;2.1624
38.5491;-14.0259;2.5322
39.7516;-16.092;3.1781
40.8928;-18.1472;4.046
41.9584;-19.9529;5.0706
42.9009;-21.1398;6.1524
42.6989;-20.5577;6.6818
43.8216;-19.2185;7.3118
45.6645;-16.8699;7.9902
48.0829;-14.4558;8.7328
50.7778;-12.6383;9.4143
53.1708;-11.2907;9.9464
55.1325;-10.2434;10.3322
56.5202;-9.5887;10.6186
57.5676;-9.1967;10.7937
58.1242;-9.0104;10.9142
58.0601;-9.0085;10.7886
57.5926;-8.9845;10.4213
57.0521;-8.6553;9.8865
56.3591;-8.2903;9.1968
55.5214;-8.0021;8.4709
54.8789;-7.5467;7.7528
54.6577;-7.1777;7.0814
54.466;-6.7907;6.4207
54.6969;-6.725;5.792
55.4665;-6.9278;5.2793
56.3564;-6.7694;4.8364
56.7844;-6.3944;4.2769
56.6952;-5.9004;3.5265
56.1624;-5.1719;2.6888
55.6972;-4.1157;1.7979
55.4983;-3.1222;0.998
55.2132;-2.0984;0.4237
55.0839;-1.3551;0.01
55.263;-1.0211;-0.2896
55.4166;-1.0662;-0.5147
55.7922;-1.5164;-0.705
56.3071;-1.8713;-0.8628
56.8173;-2.0216;-0.9721
57.3096;-2.1338;-1.0801
57.8144;-2.4466;-1.1861
58.1153;-2.7258;-1.2853
58.1194;-3.0056;-1.3537
57.8704;-3.1324;-1.5422
57.6984;-2.7706;-1.7819
57.2937;-1.8631;-2.0927
56.9558;-0.6689;-2.4451
56.3524;0.7313;-2.6502
55.7227;1.6553;-2.5989
55.3992;1.7762;-2.2509
55.4693;0.9633;-1.7047
55.8277;-0.5126;-1.1741
56.2735;-2.6024;-0.6744
56.729;-4.6217;-0.431
57.2042;-6.0112;-0.3486
57.7676;-6.5941;-0.3081
58.4616;-6.323;-0.3796
59.3458;-5.2659;-0.5659
60.4806;-3.4844;-0.9502
61.7929;-1.6995;-1.4236
63.2906;-0.5072;-1.844
64.4838;-0.5462;-2.0743
65.1649;-0.7344;-2.1224
65.743;-1.032;-2.0178
66.2714;-1.7524;-1.8697
66.7539;-2.4013;-1.8618
67.0227;-2.7424;-2.1827
67.7644;-2.398;-2.8323
68.7919;-1.5791;-3.7055
69.0871;-0.4754;-4.6269
68.3198;0.6307;-5.3862
67.5855;1.2949;-5.9412
67.2995;1.2642;-6.3226
67.0427;0.7584;-6.3983
66.6113;0.3303;-6.2276
66.254;0.2907;-5.9942
66.0467;0.6346;-5.7652
65.7908;1.1449;-5.611
66.0166;1.1532;-5.544
66.6597;0.4938;-5.3601
67.6493;-0.3916;-4.9082
69.3087;-0.9862;-4.2969
71.1565;-0.9722;-3.6824
72.242;-0.3504;-3.2312
72.6501;0.7989;-3.0887
73.2037;1.9263;-3.2782
74.2265;2.3053;-3.6372
75.8729;1.9335;-3.9398
78.0856;1.0907;-4.1549
80.2503;0.2089;-4.3014
81.9054;-0.4057;-4.4137
83.1993;-0.3687;-4.5379
84.7525;0.2121;-4.635
87.4914;1.0592;-4.8562
91.4944;1.6773;-5.2922
96.0621;2.0024;-5.9148
101.4422;1.8929;-6.7119
106.3426;1.491;-7.5396
110.5462;0.8804;-8.2922
113.5645;0.3726;-8.7917
115.7061;0.2444;-9.0233
117.6549;0.3058;-9.0652
119.6608;0.1997;-8.9711
122.2621;0.0154;-8.9088
125.5677;-0.3029;-9.0005
129.7077;-0.6009;-9.2822
134.8001;-0.4564;-9.7934
140.3098;0.327;-10.2846
145.7985;1.3747;-10.5963
151.9438;1.9195;-10.784
159.4496;1.9396;-10.8655
167.8323;1.8213;-10.8466
176.875;1.8654;-10.8596
-173.7304;0.5436;-10.8337
-164.525;-0.6786;-10.4645
-156.1839;-1.5325;-9.8755
-148.6035;-2.5896;-9.1805
-141.5251;-3.4682;-8.4526
-134.6595;-4.0646;-7.6917
-128.073;-4.5387;-6.9232
-121.9983;-4.914;-6.2129
-116.6509;-5.1772;-5.585
-111.7596;-5.1911;-5.1486
-107.2903;-5.1093;-4.9079
-103.2277;-4.666;-4.7045
-99.6053;-3.5344;-4.3599
-96.6453;-2.3078;-3.9994
-93.9177;-0.7844;-3.6826
-91.4382;0.9823;-3.4433
-89.3029;1.7512;-3.1924
-87.2033;1.6597;-2.8739
-85.0538;0.7039;-2.5615
-82.8635;-0.8156;-2.3745
-81.0364;-2.0975;-2.3922
-79.9821;-2.483;-2.7144
-79.1537;-2.3026;-2.9089
-78.3656;-1.649;-2.994
-77.6903;-1.0049;-3.0185
-77.2784;-0.8382;-3.1524
-76.9937;-1.2284;-3.2362
-74.435;-2.9755;-2.9333
-70.9602;-4.8085;-2.2641
-67.7691;-6.0347;-1.7041
-64.8381;-6.8329;-1.2029
-62.0047;-7.2921;-0.8042
-59.0838;-6.9532;-0.4431
-56.1784;-5.7974;-0.1594
-53.377;-4.4134;-0.166
-50.8199;-3.1523;-0.3801
-48.5124;-2.0699;-0.5578
-46.4359;-1.5999;-0.496
-44.6734;-2.7373;-0.3248
-43.9794;-5.9224;-0.4827
-43.1571;-10.1535;-0.7171
-41.4654;-14.2964;-0.6591
-39.2505;-17.5046;-0.3426
-38.17;-20.3729;-0.3591
-40.1316;-21.556;-1.5198
-43.6403;-21.8814;-3.1005
-44.8132;-23.8765;-3.6535
-44.462;-27.8403;-3.6877
-44.2803;-32.955;-3.8961
-44.9044;-39.035;-4.4748
-46.9335;-45.5782;-5.9954
-49.0257;-52.2527;-7.6446
-48.7103;-58.7976;-7.5387
-50.6112;-65.0222;-9.5074
-55.7804;-70.4719;-14.5552
-63.3859;-74.9576;-21.8752
-72.3076;-78.3223;-30.3321
-76.7877;-81.0073;-34.45
-72.5254;-83.2716;-29.8313
-61.1394;-84.8473;-17.9952
-41.5553;-85.478;1.9839
-17.8836;-84.6128;25.9396
-2.6721;-82.271;41.2853
-5.5247;-81.2457;38.6172
-16.0434;-80.7402;27.8156
-27.1879;-78.365;16.0093
-36.3043;-75.2043;6.4727
-36.6428;-72.3037;4.9496
-33.4155;-69.6011;6.1901
-32.0079;-66.9133;5.3927
-30.4587;-64.1589;4.464
-27.1178;-61.2644;4.9774
-22.8832;-58.067;6.2926
-20.6754;-54.8736;6.1487
-20.2502;-51.4606;4.5424
-22.5422;-48.4364;1.9641
-26.28;-47.568;-0.2668
-30.36;-49.3804;-2.8043
-34.2579;-53.2843;-6.0023
-40.1555;-59.4721;-11.4604
-48.3789;-65.8193;-19.3822
-53.6095;-70.6959;-24.8394
-55.2822;-74.6642;-26.4989
-57.164;-77.3561;-27.9005
-59.1686;-79.5374;-29.4049
-58.5947;-81.9948;-28.8801
-50.1731;-84.2305;-21.1545
-43.8384;-86.0393;-15.5442
-40.5186;-87.5002;-13.0043
-32.8761;-86.602;-6.1875
-31.6469;-84.1989;-5.5025
-31.6912;-81.7575;-5.7933
-31.9229;-80.1734;-5.9127
-33.6035;-80.0469;-7.1564
-39.1414;-81.1798;-12.1086
-50.4919;-83.2889;-22.9148
-75.703;-85.4336;-47.7219
-120.1531;-86.601;-91.9042
-156.4242;-85.3931;-127.7041
-164.5112;-83.2054;-134.9787
-168.092;-80.8758;-137.697
-173.4665;-78.6001;-142.4262
179.7546;-76.5157;-148.8115
173.8109;-73.9869;-154.5441
171.0422;-70.904;-157.2881
171.0721;-67.856;-157.2285
170.6381;-65.0848;-157.8461
169.8967;-62.5487;-158.5618
168.5793;-60.548;-159.7827
166.9444;-59.0208;-161.1965
165.3553;-57.2953;-162.3754
164.1036;-55.0219;-163.0945
163.1181;-52.5643;-163.7918
162.3774;-50.2889;-164.8226
161.832;-48.1062;-166.2055
161.4843;-45.8152;-167.6359
161.162;-43.6392;-168.9493
160.7657;-41.3851;-170.2053
160.0923;-39.4746;-171.505
158.9471;-37.8882;-172.6365
157.3976;-36.094;-173.2587
155.7028;-34.488;-173.1376
153.9478;-33.1614;-172.4218
151.9648;-32.3979;-171.6522
149.3687;-32.1452;-170.8905
146.9528;-32.0774;-169.7816
145.1452;-31.6825;-168.5987
143.2686;-31.1971;-167.4534
141.4299;-30.9063;-167.2069
139.8206;-30.3972;-167.2746
138.8071;-29.4215;-167.4692
138.4478;-28.2357;-168.3474
138.4798;-26.8883;-169.688
138.4836;-25.3625;-171.2168
138.2624;-23.6896;-172.8255
137.7918;-22.0483;-174.4011
136.7135;-20.5449;-176.0965
134.7374;-18.6454;-177.8655
132.3513;-16.7276;-177.6838
129.5869;-15.3807;-177.7478
127.3819;-14.1764;-177.6338
126.0447;-13.158;-177.4296
124.7672;-12.1856;-177.2268
123.4801;-11.1704;-176.95
122.1384;-10.0451;-176.6694
120.7355;-8.948;-176.3721
119.3469;-7.8834;-176.0536
118.0106;-6.8098;-175.7306
116.6962;-5.5279;-175.4438
115.5808;-4.196;-175.3433
114.9259;-3.6828;-175.2157
114.6449;-3.4649;-175.1432
114.3172;-3.1995;-175.0823
113.466;-2.5605;-174.917
113.6528;-2.7152;-174.9822
113.543;-2.6153;-174.9438
113.5267;-2.6217;-174.9571
113.5126;-2.6179;-174.9669
113.5088;-2.6122;-174.9627
113.5073;-2.5978;-174.9336
113.4928;-2.5849;-174.9038
113.49;-2.5699;-174.8872
113.4887;-2.5573;-174.8695
113.4892;-2.5529;-174.8517
113.4882;-2.5453;-174.8415
113.4881;-2.5408;-174.8427
113.4882;-2.537;-174.8253
113.4803;-2.5445;-174.83
113.4772;-2.5389;-174.8237
113.4758;-2.5308;-174.8264
113.4762;-2.5346;-174.825
113.4721;-2.5321;-174.8096
113.466;-2.5313;-174.7951
113.4576;-2.5303;-174.7901
113.4617;-2.5175;-174.7867
113.4644;-2.5067;-174.7822
113.4569;-2.5129;-174.7876
113.4491;-2.5222;-174.7946
113.4477;-2.5359;-174.8064
113.4207;-2.5539;-174.828
113.4211;-2.5388;-174.7916
113.4311;-2.553;-174.7887
113.4692;-2.5539;-174.7714
113.4848;-2.5622;-174.7747
113.4829;-2.5814;-174.7885
113.4511;-2.5834;-174.8254
113.4317;-2.5551;-174.808
113.4296;-2.5397;-174.8039
113.434;-2.5398;-174.8193
113.4146;-2.5342;-174.8297
113.4139;-2.5503;-174.8091
113.4267;-2.5363;-174.8065
113.4227;-2.5355;-174.8186
113.4061;-2.5499;-174.8434
113.3762;-2.5231;-174.8273
113.397;-2.521;-174.8205
113.4194;-2.5107;-174.8065
113.4411;-2.5174;-174.7948
113.454;-2.5139;-174.7785
113.4548;-2.5015;-174.7621
113.4594;-2.5047;-174.7502
113.4572;-2.5029;-174.7545
113.4553;-2.5025;-174.7629
113.4559;-2.5055;-174.7563
113.4508;-2.508;-174.7657
113.4529;-2.5115;-174.7473
113.4563;-2.5049;-174.7454
113.4553;-2.4909;-174.732
113.4573;-2.4936;-174.7177
113.4577;-2.4845;-174.7122
113.4579;-2.477;-174.7107
113.4576;-2.4799;-174.6988
113.4554;-2.4619;-174.6976
113.4526;-2.4652;-174.6851
113.3787;-2.4605;-174.704
113.401;-2.5034;-174.6841
113.5983;-2.5868;-173.8435
113.2517;-2.8316;-171.3732
112.7753;-3.1068;-167.8587
112.6721;-3.1896;-163.8509
112.7536;-3.5707;-159.8435
112.3764;-4.0813;-156.1068
111.5399;-4.5466;-152.5948
110.8553;-4.6654;-149.0438
110.1354;-4.6251;-145.2747
109.4212;-4.7325;-141.24
108.8889;-5.2184;-136.871
108.2974;-6.1693;-133.0205
108.6402;-6.5323;-129.8799
109.6342;-6.6494;-127.1995
111.3174;-6.6669;-124.7242
113.2697;-6.5311;-122.1109
114.5937;-6.5922;-119.8331
115.4032;-6.7551;-117.3781
115.5929;-6.8283;-115.3664
115.5705;-6.5532;-115.0891
115.5252;-6.6102;-115.0921
115.4981;-6.1147;-115.1649
115.4709;-5.6506;-115.2354
115.4684;-5.1692;-115.268
115.4571;-4.8232;-115.2895
115.5814;-4.7663;-115.2746
116.3845;-5.0833;-114.9368
117.4334;-5.1734;-114.8276
119.0123;-5.5944;-114.8645
119.9026;-6.0738;-113.48
120.2344;-7.4102;-109.9921
120.9126;-7.2954;-104.5052
121.7717;-6.9467;-98.6669
123.0466;-6.3264;-92.6363
124.5965;-7.8427;-87.6786
125.8841;-11.8005;-84.0418
127.747;-15.0007;-80.9504
129.4975;-16.8653;-77.6838
131.2606;-17.8339;-73.8045
133.2402;-18.4753;-68.7761
135.1655;-18.089;-62.5153
136.935;-16.6354;-55.9253
138.8446;-15.3044;-50.2981
140.7978;-14.1134;-45.0596
142.9992;-13.6517;-40.996
145.6301;-14.1176;-37.7484
147.6706;-14.567;-35.5148
148.7501;-14.8983;-33.2622
149.5829;-14.853;-31.6139
149.7694;-14.3732;-28.5933
149.7174;-14.2769;-26.2991
151.0115;-13.6549;-23.5594
152.1478;-12.8067;-21.0428
152.4212;-12.1363;-18.9905
152.4044;-10.9088;-17.0428
152.1058;-9.4739;-14.6782
151.0377;-8.7563;-12.5915
149.1814;-8.5526;-10.7255
147.2074;-8.5616;-8.9684
145.5516;-8.5445;-7.6354
145.6415;-7.2608;-5.8951
146.1277;-5.3941;-4.9182
146.5488;-4.0828;-3.5559
146.5828;-3.3022;-2.5217
146.613;-2.4898;-1.6336
146.6856;-1.4026;-0.6692
146.7539;-0.8341;-0.1651
146.7043;-1.081;-0.46
146.8081;-0.9498;0.379
146.6873;-1.0185;-0.2306
146.8087;-0.97;0.4183
146.7288;-0.9746;-0.0533
146.7834;-0.9475;0.3681
146.6994;-0.94;0.0281
146.7876;-0.9121;0.3444
146.7314;-0.9151;0.0722
146.7693;-0.9104;0.2947
146.7394;-0.9735;0.2091
146.7524;-1.1751;0.6525
146.7505;-1.2796;0.6269
146.7552;-1.3;0.7024
146.7532;-1.3237;0.6638
146.7734;-1.3221;0.6916
146.7686;-1.3513;0.6309
146.7748;-1.2778;0.6
146.7777;-1.3236;0.5823
146.7833;-1.2968;0.488
146.7734;-1.2857;0.4447
146.7756;-1.2872;0.4078
146.7659;-1.281;0.408
146.7655;-1.2291;0.2986
146.7494;-1.146;0.144
146.7463;-1.1312;0.0891
146.7463;-1.1497;0.126
146.7563;-1.1967;0.1902
146.7517;-1.2031;0.2061
146.754;-1.2091;0.1924
146.7605;-1.243;0.2422
146.7672;-1.2492;0.2535
146.7728;-1.2764;0.3011
146.7764;-1.2803;0.3065
146.7762;-1.2797;0.3031
146.7806;-1.3027;0.3362
146.7829;-1.2997;0.3228
146.7745;-1.3036;0.3074
146.7738;-1.3127;0.3091
146.7792;-1.319;0.3091
146.7795;-1.316;0.3009
146.7751;-1.2523;0.1245
146.7647;-1.3303;0.3131
146.7781;-1.3381;0.3019
146.7967;-1.4325;0.484
146.824;-1.4682;0.038
